ProteinID,Pfam
WP_002485333.1,PF02843
WP_002485333.1,PF02844
WP_002485333.1,PF01071
WP_002456445.1,PF00926
WP_002456445.1,PF00925
WP_002457100.1,PF05175
WP_001832759.1,PF00364
WP_001832759.1,PF00198
WP_001832759.1,PF02817
WP_057504642.1,PF03596
WP_054828570.1,PF01245
WP_001829623.1,PF13420
WP_001829955.1,PF11042
WP_001830405.1,PF00929
WP_001830929.1,PF01367
WP_001830929.1,PF02739
WP_001832303.1,PF02357
WP_001831249.1,PF00275
WP_001832877.1,PF01544
WP_001830185.1,PF02381
WP_001830185.1,PF02381
WP_001829339.1,PF09953
WP_002494682.1,PF03899
WP_001830011.1,PF00251
WP_001830011.1,PF08244
WP_001832757.1,PF01694
WP_001829439.1,PF00117
WP_002457073.1,PF13346
WP_001831101.1,PF02388
WP_002468221.1,PF02517
WP_001830824.1,PF00485
WP_002440198.1,PF03949
WP_002440198.1,PF00390
WP_001832057.1,PF00420
WP_002485371.1,PF07859
WP_001830497.1,PF04069
WP_000790334.1,PF12324
WP_000790334.1,PF03243
WP_001830418.1,PF13361
WP_001830418.1,PF00580
WP_002438862.1,PF00056
WP_002438862.1,PF02866
WP_002438772.1,PF00750
WP_002438772.1,PF05746
WP_002438772.1,PF03485
WP_001831907.1,PF00085
WP_001829468.1,PF02481
WP_002484970.1,PF01225
WP_002484970.1,PF02875
WP_002484970.1,PF08245
WP_002457111.1,PF03703
WP_001832082.1,PF02673
WP_001829913.1,PF00306
WP_001829913.1,PF02874
WP_001829913.1,PF00006
WP_001829903.1,PF13581
WP_002437936.1,PF02274
WP_002456544.1,PF07730
WP_083553770.1,PF01420
WP_083553770.1,PF01420
WP_002489738.1,PF12974
WP_001831332.1,PF06855
WP_001832151.1,PF00288
WP_001832151.1,PF18376
WP_001831690.1,PF17785
WP_001831690.1,PF10672
WP_001831014.1,PF07261
WP_001830112.1,PF02504
WP_153647357.1,PF16929
WP_002456988.1,PF00005
WP_001831061.1,PF02780
WP_001831061.1,PF02779
WP_001831061.1,PF00456
WP_001831237.1,PF01741
WP_001829253.1,PF00496
WP_001829517.1,PF17209
WP_161800868.1,PF00528
WP_000644737.1,PF00831
WP_021298777.1,PF00534
WP_021298777.1,PF09318
WP_001832317.1,PF05991
WP_001631036.1,PF00239
WP_001631036.1,PF13408
WP_001631036.1,PF07508
WP_001830559.1,PF02901
WP_001830559.1,PF01228
WP_054828575.1,PF13561
WP_001831090.1,PF01029
WP_002456990.1,PF01416
WP_002456990.1,PF01416
WP_001830914.1,PF01810
WP_002476740.1,PF10112
WP_001831940.1,PF04066
WP_002438524.1,PF07690
WP_002456009.1,PF09861
WP_001830478.1,PF07690
WP_002456615.1,PF00005
WP_002456615.1,PF08402
WP_001831962.1,PF01904
WP_001829360.1,PF00860
WP_002502572.1,PF00408
WP_002502572.1,PF02880
WP_002502572.1,PF02879
WP_002502572.1,PF02878
WP_001832645.1,PF00478
WP_002489763.1,PF01131
WP_002489763.1,PF01396
WP_002489763.1,PF01396
WP_002489763.1,PF01396
WP_002489763.1,PF01751
WP_001832238.1,PF06156
WP_001829894.1,PF03070
WP_001830022.1,PF00356
WP_001830022.1,PF13407
WP_001831175.1,PF04816
WP_002484891.1,PF19279
WP_002484891.1,PF00781
WP_002489699.1,PF16242
WP_002438017.1,PF13597
WP_001830423.1,PF00171
WP_002439511.1,PF00696
WP_001830975.1,PF04079
WP_001832698.1,PF00156
WP_002439528.1,PF00312
WP_001830940.1,PF00005
WP_001830940.1,PF00005
WP_001830940.1,PF12848
WP_001829567.1,PF05495
WP_002468914.1,PF09586
WP_134943506.1,PF01609
WP_134943506.1,PF05598
WP_002456959.1,PF08282
WP_001830510.1,PF07687
WP_001830510.1,PF01546
WP_001829272.1,PF06338
WP_001829261.1,PF08545
WP_001829261.1,PF08541
WP_001832310.1,PF19269
WP_001832310.1,PF00749
WP_001830813.1,PF03486
WP_002486011.1,PF13038
WP_001831537.1,PF01070
WP_021298771.1,PF00392
WP_021298771.1,PF07729
WP_001829734.1,PF00237
WP_001831756.1,PF00005
WP_002456961.1,PF02378
WP_002456961.1,PF00367
WP_001829412.1,PF13177
WP_002456708.1,PF00255
WP_001832548.1,PF13277
WP_002439068.1,PF14698
WP_002439068.1,PF00206
WP_002438021.1,PF13353
WP_001831616.1,PF00899
WP_001831017.1,PF01569
WP_002440192.1,PF00365
WP_002437624.1,PF01022
WP_001833013.1,PF00005
WP_001830820.1,PF00829
WP_002486313.1,PF02811
WP_002486313.1,PF07733
WP_002486313.1,PF17657
WP_002486313.1,PF14579
WP_002486313.1,PF01336
WP_001831813.1,PF02767
WP_001831813.1,PF00712
WP_001831813.1,PF02768
WP_001831146.1,PF03618
WP_049374229.1,PF02852
WP_049374229.1,PF07992
WP_164071529.1,PF01252
WP_001832069.1,PF08544
WP_001832069.1,PF00288
WP_001831126.1,PF08282
WP_002493319.1,PF04234
WP_002438504.1,PF00528
WP_001829308.1,PF05389
WP_001829347.1,PF00583
WP_001831588.1,PF02597
WP_001831918.1,PF00575
WP_001830934.1,PF00684
WP_001830934.1,PF01556
WP_001830934.1,PF00226
WP_002437236.1,PF00005
WP_001831013.1,PF19300
WP_001831013.1,PF00528
WP_001831318.1,PF13307
WP_001831318.1,PF00929
WP_001831318.1,PF04851
WP_002467717.1,PF09587
WP_001831297.1,PF02153
WP_001831297.1,PF20463
WP_001831297.1,PF01842
WP_002494359.1,PF01638
WP_001829422.1,PF01470
WP_001829488.1,PF13411
WP_002484563.1,PF07992
WP_002484563.1,PF02852
WP_001829425.1,PF04650
WP_001832557.1,PF00318
WP_001832410.1,PF02492
WP_001831729.1,PF10804
WP_002438477.1,PF12833
WP_001831825.1,PF12802
WP_001832105.1,PF04039
WP_001831504.1,PF11070
WP_002468728.1,PF02540
WP_002486299.1,PF01098
WP_000492283.1,PF07690
WP_001831779.1,PF00772
WP_001831779.1,PF03796
WP_002484485.1,PF03461
WP_002484485.1,PF02559
WP_002484485.1,PF00270
WP_002484485.1,PF00271
WP_002484485.1,PF17757
WP_001832295.1,PF14437
WP_001831203.1,PF01168
WP_001831203.1,PF00842
WP_001831680.1,PF01040
WP_002439552.1,PF00154
WP_083553767.1,PF19263
WP_001631029.1,PF01420
WP_001631029.1,PF01420
WP_001831944.1,PF00005
WP_002457104.1,PF00575
WP_002439653.1,PF02660
WP_002438317.1,PF14711
WP_002438317.1,PF13247
WP_002457054.1,PF00330
WP_001832284.1,PF04542
WP_000026848.1,PF00589
WP_001832313.1,PF01938
WP_001830661.1,PF01507
WP_001829985.1,PF00006
WP_001829985.1,PF07498
WP_001829985.1,PF07497
WP_001830678.1,PF13303
WP_002438866.1,PF07099
WP_001829376.1,PF00589
WP_001830946.1,PF00696
WP_002489694.1,PF01595
WP_001831110.1,PF08712
WP_001831952.1,PF00266
WP_002489851.1,PF00005
WP_002489851.1,PF00664
WP_001830122.1,PF00953
WP_001830822.1,PF01016
WP_002467833.1,PF02729
WP_002467833.1,PF00185
WP_001829465.1,PF04296
WP_001831637.1,PF00155
WP_002437630.1,PF01022
WP_001831663.1,PF09819
WP_002456957.1,PF07457
WP_001829897.1,PF10263
WP_001829897.1,PF17283
WP_001831775.1,PF11345
WP_001830020.1,PF01450
WP_001830020.1,PF07991
WP_001832784.1,PF01926
WP_001831032.1,PF00912
WP_001831032.1,PF00905
WP_001830792.1,PF00085
WP_099835063.1,PF13276
WP_099835063.1,PF13333
WP_099835063.1,PF00665
WP_099835063.1,PF13518
WP_002438903.1,PF01032
WP_002485909.1,PF17136
WP_002485909.1,PF00467
WP_001829504.1,PF00230
WP_002457379.1,PF04297
WP_001830976.1,PF00591
WP_002437518.1,PF07799
WP_049387542.1,PF00294
WP_001830068.1,PF02729
WP_001830068.1,PF00185
WP_001829836.1,PF00588
WP_001830773.1,PF01488
WP_001830773.1,PF05201
WP_001830773.1,PF00745
WP_002457116.1,PF13396
WP_002457116.1,PF13091
WP_002457116.1,PF13091
WP_001831320.1,PF01761
WP_001830169.1,PF01725
WP_002485130.1,PF00294
WP_001832242.1,PF00291
WP_001829330.1,PF19785
WP_001830779.1,PF01588
WP_001830779.1,PF14794
WP_002439060.1,PF00724
WP_002437759.1,PF00440
WP_002437759.1,PF17937
WP_002439542.1,PF13561
WP_001831089.1,PF01209
WP_002455950.1,PF06953
WP_002437170.1,PF00578
WP_002485357.1,PF00753
WP_002485357.1,PF00581
WP_011082609.1,PF00361
WP_002438246.1,PF00107
WP_002438246.1,PF08240
WP_002489642.1,PF00528
WP_002438099.1,PF00368
WP_001831005.1,PF01807
WP_001831005.1,PF13662
WP_001831005.1,PF00772
WP_001831005.1,PF08275
WP_001832124.1,PF02803
WP_001832124.1,PF00108
WP_002456351.1,PF01336
WP_002456351.1,PF01966
WP_001829335.1,PF02163
WP_001829335.1,PF13180
WP_001829335.1,PF13365
WP_000249804.1,PF02274
WP_001831464.1,PF02687
WP_080356281.1,PF13302
WP_001832306.1,PF00466
WP_001551925.1,PF06124
WP_001832356.1,PF07670
WP_001832356.1,PF07670
WP_001832356.1,PF17910
WP_001832356.1,PF02421
WP_001832356.1,PF07664
WP_001831706.1,PF00378
WP_002437208.1,PF01183
WP_001829707.1,PF00344
WP_001832525.1,PF02272
WP_001832525.1,PF01368
WP_001832214.1,PF00483
WP_001832214.1,PF00132
WP_001829343.1,PF02575
WP_001830451.1,PF14520
WP_001830451.1,PF00533
WP_001830451.1,PF03119
WP_001830451.1,PF12826
WP_001830451.1,PF03120
WP_001830451.1,PF01653
WP_001832894.1,PF00512
WP_001832894.1,PF02518
WP_001832894.1,PF00672
WP_071813262.1,PF02371
WP_071813262.1,PF01548
WP_001831810.1,PF11345
WP_001832528.1,PF01797
WP_001830624.1,PF01326
WP_001830624.1,PF01326
WP_001830624.1,PF02896
WP_001830624.1,PF00391
WP_001832365.1,PF00122
WP_001832365.1,PF00403
WP_001832365.1,PF00403
WP_001832365.1,PF00702
WP_054828593.1,PF01503
WP_054828593.1,PF01502
WP_001830810.1,PF05697
WP_001830810.1,PF05698
WP_001830810.1,PF00254
WP_002440197.1,PF01039
WP_002440197.1,PF17848
WP_002494500.1,PF00149
WP_001832780.1,PF02626
WP_002438349.1,PF01544
WP_001830141.1,PF05154
WP_001830479.1,PF00364
WP_001830479.1,PF00198
WP_001830479.1,PF02817
WP_002456102.1,PF01928
WP_002457103.1,PF14667
WP_002457103.1,PF01943
WP_001830598.1,PF03976
WP_001830598.1,PF03976
WP_001831354.1,PF01084
WP_001829659.1,PF00574
WP_001830411.1,PF03631
WP_002456610.1,PF01566
WP_001832777.1,PF00005
WP_002457107.1,PF01168
WP_002457107.1,PF00842
WP_002467582.1,PF00459
WP_001830554.1,PF01648
WP_001830332.1,PF07681
WP_010959211.1,PF14501
WP_001830039.1,PF08279
WP_001830329.1,PF10517
WP_001831995.1,PF00208
WP_001831995.1,PF02812
WP_002439520.1,PF01248
WP_001831274.1,PF00383
WP_001832766.1,PF00364
WP_002467716.1,PF00294
WP_001831239.1,PF13509
WP_001831239.1,PF17783
WP_001829792.1,PF01176
WP_001831284.1,PF14492
WP_001831284.1,PF00009
WP_001831284.1,PF00679
WP_001831284.1,PF06421
WP_001831284.1,PF03144
WP_025987120.1,PF04650
WP_001832714.1,PF01578
WP_001830839.1,PF00453
WP_001831204.1,PF06491
WP_002486052.1,PF02222
WP_002486052.1,PF17769
WP_002486052.1,PF02826
WP_001830895.1,PF01330
WP_001830895.1,PF14520
WP_001830895.1,PF07499
WP_001830443.1,PF01371
WP_001829318.1,PF03144
WP_001829318.1,PF00009
WP_001829318.1,PF16658
WP_002470232.1,PF09586
WP_002438679.1,PF00584
WP_001830128.1,PF02620
WP_001832607.1,PF00854
WP_021298779.1,PF02976
WP_001829963.1,PF00213
WP_002438495.1,PF13673
WP_002438495.1,PF18467
WP_001831043.1,PF00512
WP_001831043.1,PF02518
WP_001831043.1,PF18719
WP_002469379.1,PF00215
WP_001829716.1,PF06800
WP_001829855.1,PF00005
WP_001831087.1,PF02347
WP_001832031.1,PF04066
WP_001831913.1,PF12459
WP_001832013.1,PF07690
WP_001831020.1,PF01264
WP_002456849.1,PF00534
WP_002437151.1,PF07751
WP_002470194.1,PF02503
WP_002470194.1,PF13089
WP_002470194.1,PF13090
WP_002470194.1,PF17941
WP_002494171.1,PF08032
WP_002494171.1,PF00588
WP_002489692.1,PF01925
WP_001829639.1,PF01205
WP_001829639.1,PF09186
WP_002456720.1,PF00245
WP_001830391.1,PF01475
WP_001831327.1,PF00005
WP_001832668.1,PF02602
WP_002456063.1,PF02378
WP_002456063.1,PF00367
WP_025987217.1,PF13780
WP_001830811.1,PF01379
WP_001830811.1,PF03900
WP_001832732.1,PF01032
WP_001631035.1,PF07508
WP_001631035.1,PF04606
WP_001631035.1,PF00239
WP_002484894.1,PF05958
WP_001830812.1,PF13185
WP_000163428.1,PF02852
WP_000163428.1,PF07992
WP_001830971.1,PF00072
WP_001830971.1,PF00486
WP_000456194.1,PF02583
WP_002494082.1,PF05372
WP_001829522.1,PF02782
WP_001829522.1,PF00370
WP_001832052.1,PF03099
WP_001832278.1,PF01712
WP_002455949.1,PF02040
WP_002456997.1,PF06276
WP_002456997.1,PF04183
WP_001829830.1,PF02772
WP_001829830.1,PF00438
WP_001829830.1,PF02773
WP_001831696.1,PF01327
WP_002456926.1,PF00571
WP_002456926.1,PF00571
WP_002456926.1,PF03471
WP_002456926.1,PF01595
WP_002467583.1,PF02322
WP_002438669.1,PF00132
WP_002438669.1,PF00132
WP_001631033.1,PF06124
WP_001831622.1,PF14729
WP_001832291.1,PF01712
WP_001832032.1,PF01515
WP_002440219.1,PF01268
WP_001829407.1,PF00571
WP_001829407.1,PF00571
WP_001829407.1,PF00478
WP_001832672.1,PF00746
WP_001832672.1,PF04650
WP_001832672.1,PF07564
WP_001832672.1,PF07564
WP_001832672.1,PF07564
WP_001832672.1,PF07564
WP_001832672.1,PF07564
WP_001832672.1,PF07564
WP_001832672.1,PF07564
WP_001832672.1,PF07564
WP_001832672.1,PF07564
WP_001832672.1,PF07564
WP_001832672.1,PF07564
WP_001832672.1,PF07564
WP_001832672.1,PF07564
WP_001832672.1,PF07564
WP_001832672.1,PF07564
WP_001832672.1,PF07564
WP_001832672.1,PF07564
WP_001832672.1,PF07564
WP_001832672.1,PF07564
WP_001832672.1,PF07564
WP_001832672.1,PF07564
WP_001832672.1,PF07564
WP_001832672.1,PF07564
WP_001832672.1,PF07564
WP_001832672.1,PF07564
WP_001832672.1,PF07564
WP_001832672.1,PF07564
WP_001832672.1,PF07564
WP_001832672.1,PF07564
WP_001832672.1,PF07564
WP_001832672.1,PF07564
WP_001832672.1,PF07564
WP_001832672.1,PF07564
WP_001832672.1,PF07564
WP_001832672.1,PF07564
WP_001832672.1,PF07564
WP_001832672.1,PF07564
WP_001832672.1,PF07564
WP_001832672.1,PF07564
WP_001832560.1,PF01134
WP_001831286.1,PF02899
WP_001831286.1,PF00589
WP_001832561.1,PF01255
WP_002456964.1,PF00324
WP_002495210.1,PF02028
WP_001830447.1,PF00118
WP_001830724.1,PF00196
WP_001830724.1,PF04542
WP_001829649.1,PF02603
WP_001829649.1,PF07475
WP_002437604.1,PF07731
WP_002437604.1,PF07732
WP_002456711.1,PF13248
WP_001829472.1,PF01765
WP_001831190.1,PF00708
WP_001829782.1,PF00252
WP_002438830.1,PF20434
WP_001829713.1,PF00253
WP_001830430.1,PF08838
WP_001829423.1,PF04264
WP_001832099.1,PF03334
WP_001832302.1,PF13561
WP_001832028.1,PF04306
WP_001829861.1,PF03596
WP_001832695.1,PF13181
WP_001832695.1,PF13181
WP_001832695.1,PF13181
WP_001832695.1,PF14559
WP_002456470.1,PF00202
WP_001830557.1,PF09022
WP_001831093.1,PF01784
WP_001830017.1,PF02629
WP_001830017.1,PF06971
WP_002456056.1,PF01903
WP_002456056.1,PF01903
WP_001830831.1,PF02887
WP_001830831.1,PF00224
WP_001830831.1,PF00391
WP_001829775.1,PF00573
WP_001831154.1,PF07479
WP_001831154.1,PF01210
WP_002456006.1,PF00730
WP_049387577.1,PF01154
WP_049387577.1,PF08540
WP_001830785.1,PF13603
WP_001830785.1,PF00133
WP_001830785.1,PF09334
WP_001830785.1,PF08264
WP_224479693.1,PF13303
WP_001829922.1,PF00275
WP_001829292.1,PF08858
WP_002470220.1,PF00035
WP_002470220.1,PF14622
WP_001829249.1,PF01797
WP_001829249.1,PF13780
WP_001105987.1,PF13610
WP_001832362.1,PF10035
WP_001832362.1,PF02588
WP_001830343.1,PF01979
WP_001831098.1,PF04055
WP_001831098.1,PF00919
WP_001830679.1,PF00486
WP_001830679.1,PF00072
WP_080388512.1,PF18938
WP_080388512.1,PF04650
WP_080388512.1,PF07554
WP_080388512.1,PF07554
WP_080388512.1,PF07554
WP_080388512.1,PF07554
WP_080388512.1,PF07554
WP_080388512.1,PF07554
WP_080388512.1,PF07554
WP_080388512.1,PF07554
WP_080388512.1,PF07554
WP_080388512.1,PF07554
WP_080388512.1,PF07554
WP_080388512.1,PF07554
WP_080388512.1,PF07554
WP_080388512.1,PF07554
WP_080388512.1,PF07554
WP_080388512.1,PF07554
WP_080388512.1,PF07554
WP_080388512.1,PF07554
WP_080388512.1,PF07554
WP_080388512.1,PF07554
WP_080388512.1,PF07554
WP_080388512.1,PF07554
WP_080388512.1,PF07554
WP_080388512.1,PF07554
WP_080388512.1,PF07554
WP_080388512.1,PF07554
WP_080388512.1,PF07554
WP_080388512.1,PF07554
WP_080388512.1,PF07554
WP_080388512.1,PF07554
WP_080388512.1,PF07554
WP_080388512.1,PF07554
WP_080388512.1,PF07554
WP_080388512.1,PF07554
WP_080388512.1,PF07554
WP_080388512.1,PF07554
WP_080388512.1,PF07554
WP_080388512.1,PF07554
WP_080388512.1,PF07554
WP_080388512.1,PF07554
WP_080388512.1,PF07554
WP_080388512.1,PF07554
WP_080388512.1,PF07554
WP_080388512.1,PF07554
WP_080388512.1,PF07554
WP_080388512.1,PF07554
WP_080388512.1,PF07554
WP_080388512.1,PF07554
WP_080388512.1,PF07554
WP_080388512.1,PF07554
WP_080388512.1,PF07554
WP_080388512.1,PF01468
WP_080388512.1,PF01468
WP_080388512.1,PF01468
WP_080388512.1,PF01468
WP_080388512.1,PF01468
WP_080388512.1,PF01468
WP_080388512.1,PF01468
WP_080388512.1,PF01468
WP_080388512.1,PF01468
WP_080388512.1,PF01468
WP_080388512.1,PF01468
WP_080388512.1,PF01468
WP_080388512.1,PF01468
WP_080388512.1,PF01468
WP_080388512.1,PF01468
WP_080388512.1,PF01468
WP_080388512.1,PF01468
WP_080388512.1,PF01468
WP_080388512.1,PF01468
WP_080388512.1,PF01468
WP_080388512.1,PF01468
WP_080388512.1,PF01468
WP_080388512.1,PF01468
WP_080388512.1,PF01468
WP_080388512.1,PF01468
WP_080388512.1,PF01468
WP_080388512.1,PF01468
WP_080388512.1,PF01468
WP_080388512.1,PF01468
WP_080388512.1,PF07564
WP_080388512.1,PF07564
WP_080388512.1,PF07564
WP_080388512.1,PF07564
WP_080388512.1,PF07564
WP_001831156.1,PF03745
WP_001830619.1,PF02261
WP_001832044.1,PF03466
WP_001832044.1,PF00126
WP_001830323.1,PF00425
WP_001830662.1,PF02852
WP_001830662.1,PF07992
WP_001832478.1,PF00488
WP_002438144.1,PF00881
WP_001831741.1,PF16403
WP_001830193.1,PF02910
WP_001830193.1,PF00890
WP_001829718.1,PF01196
WP_001832728.1,PF01497
WP_002456012.1,PF01380
WP_001830888.1,PF00557
WP_001830888.1,PF01321
WP_002467821.1,PF13367
WP_002467821.1,PF12773
WP_002457113.1,PF08245
WP_002457113.1,PF02875
WP_002457113.1,PF01225
WP_002470268.1,PF03799
WP_002470268.1,PF08478
WP_001831169.1,PF06628
WP_001831169.1,PF00199
WP_001831153.1,PF01625
WP_002456430.1,PF00293
WP_002456744.1,PF02868
WP_002456744.1,PF03413
WP_002456744.1,PF07504
WP_002456744.1,PF01447
WP_049387527.1,PF01207
WP_001830378.1,PF00166
WP_001831406.1,PF00005
WP_001830069.1,PF19833
WP_001830069.1,PF00270
WP_001830069.1,PF17191
WP_001830069.1,PF00271
WP_001830848.1,PF00266
WP_002484860.1,PF07670
WP_001831980.1,PF01458
WP_001831980.1,PF19295
WP_001832647.1,PF01594
WP_002456943.1,PF13242
WP_002456943.1,PF13344
WP_002437601.1,PF00702
WP_002437601.1,PF00122
WP_001830117.1,PF04238
WP_049387478.1,PF00248
WP_002485331.1,PF00005
WP_002485331.1,PF00005
WP_001829513.1,PF00587
WP_001829513.1,PF04073
WP_001829513.1,PF03129
WP_001829681.1,PF00313
WP_002469559.1,PF03788
WP_002456955.1,PF13361
WP_002456955.1,PF12705
WP_002456966.1,PF01380
WP_002456634.1,PF07687
WP_002456634.1,PF01546
WP_001832022.1,PF02687
WP_002439610.1,PF00196
WP_002439610.1,PF00072
WP_001829434.1,PF12368
WP_001829434.1,PF17773
WP_001829434.1,PF00581
WP_001830059.1,PF00367
WP_001830059.1,PF02378
WP_001043863.1,PF00216
WP_002437704.1,PF14731
WP_002437704.1,PF05543
WP_002437318.1,PF00561
WP_002438142.1,PF08282
WP_001830935.1,PF02609
WP_001832690.1,PF06750
WP_001832690.1,PF01478
WP_002438722.1,PF08830
WP_001830828.1,PF01546
WP_001832599.1,PF06941
WP_002456488.1,PF01261
WP_001830565.1,PF00676
WP_001830663.1,PF01180
WP_001830665.1,PF00274
WP_001831459.1,PF03551
WP_001832720.1,PF03009
WP_001830750.1,PF13242
WP_002438170.1,PF01266
WP_001831198.1,PF02784
WP_001831198.1,PF00278
WP_001831506.1,PF05690
WP_001831285.1,PF06908
WP_001830016.1,PF00920
WP_002489667.1,PF01131
WP_002489667.1,PF01751
WP_001831097.1,PF00005
WP_001832174.1,PF00561
WP_001832174.1,PF00561
WP_001829615.1,PF00300
WP_001829862.1,PF10415
WP_001829862.1,PF00206
WP_002438313.1,PF00590
WP_002438506.1,PF00899
WP_000711815.1,PF01316
WP_000711815.1,PF02863
WP_001830034.1,PF00459
WP_002485342.1,PF02142
WP_002485342.1,PF01808
WP_001831053.1,PF01957
WP_001832405.1,PF03253
WP_002439506.1,PF06018
WP_002439506.1,PF08222
WP_001832476.1,PF02540
WP_002485606.1,PF04286
WP_001830800.1,PF02699
WP_001829421.1,PF01037
WP_001829421.1,PF13404
WP_002467551.1,PF01022
WP_001830936.1,PF00528
WP_002447894.1,PF11734
WP_002447894.1,PF01171
WP_001830726.1,PF02537
WP_002458553.1,PF01425
WP_001832639.1,PF00389
WP_001832639.1,PF02826
WP_002455936.1,PF02518
WP_001831508.1,PF02245
WP_001829416.1,PF13302
WP_002438253.1,PF00072
WP_002438253.1,PF04397
WP_002456446.1,PF00885
WP_001829916.1,PF14681
WP_002456181.1,PF02347
WP_002456722.1,PF04464
WP_001830957.1,PF00471
WP_002438508.1,PF00994
WP_001829667.1,PF00044
WP_001829667.1,PF02800
WP_002457072.1,PF00005
WP_001829594.1,PF03668
WP_001829417.1,PF13393
WP_001830651.1,PF06039
WP_002456348.1,PF00528
WP_002456348.1,PF00497
WP_001829651.1,PF01032
WP_001830960.1,PF12320
WP_001830960.1,PF00149
WP_001829306.1,PF20143
WP_001829306.1,PF01513
WP_057504647.1,PF12958
WP_002387626.1,PF06970
WP_002387626.1,PF18008
WP_001830826.1,PF00180
WP_001831307.1,PF14748
WP_001831307.1,PF03807
WP_001829660.1,PF12917
WP_001831407.1,PF00005
WP_001831407.1,PF00571
WP_001831407.1,PF00571
WP_001832002.1,PF01521
WP_001833083.1,PF00562
WP_001833083.1,PF04565
WP_001833083.1,PF04563
WP_001833083.1,PF04561
WP_001833083.1,PF04561
WP_001833083.1,PF10385
WP_001833083.1,PF04560
WP_002498971.1,PF00155
WP_001829654.1,PF00005
WP_002438514.1,PF03205
WP_001829953.1,PF07977
WP_001829320.1,PF11151
WP_305367091.1,PF00440
WP_001829745.1,PF03547
WP_002439655.1,PF00521
WP_002439655.1,PF03989
WP_002439655.1,PF03989
WP_002439655.1,PF03989
WP_002439655.1,PF03989
WP_002439655.1,PF03989
WP_002485127.1,PF03483
WP_002485127.1,PF03147
WP_002485127.1,PF01588
WP_002485127.1,PF03484
WP_002485127.1,PF17759
WP_001829471.1,PF04309
WP_001831897.1,PF02826
WP_001831897.1,PF00389
WP_002439534.1,PF09397
WP_002439534.1,PF01580
WP_002439534.1,PF17854
WP_001832366.1,PF03466
WP_001832366.1,PF00126
WP_001832039.1,PF06738
WP_002486314.1,PF00324
WP_002438258.1,PF07690
WP_001829413.1,PF00361
WP_001829413.1,PF00662
WP_001829597.1,PF00268
WP_001832157.1,PF00005
WP_001832157.1,PF00664
WP_002439483.1,PF00886
WP_001831996.1,PF00550
WP_001830858.1,PF01479
WP_001830858.1,PF00579
WP_001832086.1,PF05257
WP_001832086.1,PF01476
WP_001832086.1,PF01476
WP_002468056.1,PF06160
WP_000391495.1,PF01022
WP_002439362.1,PF09902
WP_001829898.1,PF01022
WP_001832563.1,PF01687
WP_001832563.1,PF06574
WP_001832185.1,PF01386
WP_001832185.1,PF14693
WP_001830675.1,PF00202
WP_001832285.1,PF00471
WP_001830783.1,PF03352
WP_001829684.1,PF00892
WP_001829684.1,PF00892
WP_001831250.1,PF01467
WP_001832708.1,PF16284
WP_001831846.1,PF00344
WP_001831611.1,PF03553
WP_001831611.1,PF03553
WP_002485490.1,PF07687
WP_002485490.1,PF01546
WP_138936986.1,PF01609
WP_138936986.1,PF05598
WP_002456431.1,PF01370
WP_002456431.1,PF20434
WP_002494339.1,PF03808
WP_001284652.1,PF03965
WP_001829463.1,PF06133
WP_001832460.1,PF00534
WP_002495515.1,PF02541
WP_002456499.1,PF11728
WP_002456499.1,PF06081
WP_001830755.1,PF02547
WP_002438530.1,PF02388
WP_002438878.1,PF00294
WP_002470417.1,PF02739
WP_002470417.1,PF00476
WP_002470417.1,PF01367
WP_001830869.1,PF00871
WP_001832160.1,PF00999
WP_002437162.1,PF00375
WP_002438342.1,PF12833
WP_002489712.1,PF13460
WP_000746201.1,PF13905
WP_001831230.1,PF07187
WP_002468311.1,PF01820
WP_002468311.1,PF07478
WP_001832330.1,PF12669
WP_369964122.1,PF14595
WP_001829893.1,PF02583
WP_001831571.1,PF02517
WP_002493541.1,PF07662
WP_002493541.1,PF01773
WP_410467994.1,PF00746
WP_410467994.1,PF10425
WP_410467994.1,PF17210
WP_410467994.1,PF17210
WP_001830838.1,PF01926
WP_001829419.1,PF00815
WP_001830579.1,PF00005
WP_001831129.1,PF11799
WP_001831129.1,PF11798
WP_001831129.1,PF00817
WP_001832402.1,PF00547
WP_002469303.1,PF07901
WP_002457055.1,PF00180
WP_002470226.1,PF00988
WP_002470226.1,PF00117
WP_001831015.1,PF05979
WP_001831095.1,PF01960
WP_001830874.1,PF00293
WP_002437695.1,PF00155
WP_001832240.1,PF04468
WP_002456058.1,PF02613
WP_010959274.1,PF02595
WP_002468549.1,PF06470
WP_002468549.1,PF02463
WP_001831100.1,PF00270
WP_001831100.1,PF00271
WP_001831100.1,PF16124
WP_001831966.1,PF07992
WP_001833073.1,PF00144
WP_001830825.1,PF03477
WP_001832311.1,PF01128
WP_001832516.1,PF00662
WP_001832516.1,PF00361
WP_001832516.1,PF13244
WP_001832516.1,PF20501
WP_002456563.1,PF01509
WP_002456563.1,PF16198
WP_001830390.1,PF00817
WP_001830390.1,PF11799
WP_001831623.1,PF00534
WP_002470248.1,PF05636
WP_001831896.1,PF07293
WP_001829634.1,PF12821
WP_002485578.1,PF00005
WP_001829596.1,PF00005
WP_002455988.1,PF00664
WP_002455988.1,PF00005
WP_001830993.1,PF03099
WP_001832042.1,PF00950
WP_001831892.1,PF20511
WP_001829461.1,PF13840
WP_001829461.1,PF00696
WP_001832181.1,PF01384
WP_001832181.1,PF01384
WP_001829474.1,PF10431
WP_001829474.1,PF07724
WP_001829474.1,PF00004
WP_001830461.1,PF13193
WP_001830461.1,PF13193
WP_001830461.1,PF00668
WP_001830461.1,PF00550
WP_001830461.1,PF00550
WP_001830461.1,PF07993
WP_001830461.1,PF00501
WP_001830461.1,PF00501
WP_001831509.1,PF04464
WP_001833037.1,PF01713
WP_001833037.1,PF20297
WP_001833037.1,PF00488
WP_001829846.1,PF00762
WP_001829499.1,PF01148
WP_001830354.1,PF00884
WP_001831738.1,PF00510
WP_001831493.1,PF08327
WP_002469530.1,PF09335
WP_083553771.1,PF02384
WP_083553771.1,PF12161
WP_001832762.1,PF00270
WP_001832762.1,PF00271
WP_002456455.1,PF01580
WP_002456455.1,PF01580
WP_002456455.1,PF09397
WP_002456455.1,PF17854
WP_002456690.1,PF00389
WP_002456690.1,PF02826
WP_001832001.1,PF07992
WP_002456587.1,PF18297
WP_002456587.1,PF05833
WP_002456587.1,PF05670
WP_002470802.1,PF16228
WP_001829709.1,PF00444
WP_001832364.1,PF06855
WP_002456593.1,PF02578
WP_002438182.1,PF09954
WP_001830904.1,PF13538
WP_001830904.1,PF13604
WP_001830904.1,PF14490
WP_001830904.1,PF18335
WP_002437317.1,PF05437
WP_002456313.1,PF00528
WP_001829630.1,PF01370
WP_001829630.1,PF08338
WP_001832202.1,PF09115
WP_001832202.1,PF13177
WP_002470210.1,PF07690
WP_002447782.1,PF00401
WP_002447782.1,PF02823
WP_002456355.1,PF01208
WP_087587975.1,PF19693
WP_001831910.1,PF00528
WP_001830066.1,PF13673
WP_001829572.1,PF07517
WP_001829572.1,PF02810
WP_001829572.1,PF01043
WP_001829572.1,PF07516
WP_002456989.1,PF02361
WP_001831704.1,PF01156
WP_001829938.1,PF01116
WP_001832326.1,PF13303
WP_001829509.1,PF02033
WP_001829923.1,PF03481
WP_001829923.1,PF01300
WP_001830379.1,PF12679
WP_001831211.1,PF00364
WP_002486059.1,PF10368
WP_001830134.1,PF01795
WP_001829470.1,PF18146
WP_001829470.1,PF00994
WP_002494032.1,PF05853
WP_001829380.1,PF05257
WP_001829380.1,PF01476
WP_001829380.1,PF01476
WP_001829380.1,PF01476
WP_001831836.1,PF16993
WP_002456835.1,PF13599
WP_001830179.1,PF00156
WP_001830844.1,PF13377
WP_001830844.1,PF00356
WP_001831689.1,PF06335
WP_001832974.1,PF06821
WP_001829296.1,PF13563
WP_002470137.1,PF04069
WP_002438761.1,PF00107
WP_002438761.1,PF08240
WP_001830777.1,PF00899
WP_001831551.1,PF06039
WP_001829740.1,PF00347
WP_001829740.1,PF00347
WP_001832276.1,PF13302
WP_002438492.1,PF02770
WP_002438492.1,PF08028
WP_002438492.1,PF02771
WP_001829798.1,PF13468
WP_002438150.1,PF00903
WP_001831227.1,PF01566
WP_001832204.1,PF02152
WP_054828569.1,PF01327
WP_001831295.1,PF00471
WP_001832383.1,PF00699
WP_001829933.1,PF02350
WP_001832450.1,PF09383
WP_001832450.1,PF00005
WP_001831490.1,PF13515
WP_001832187.1,PF00156
WP_001832187.1,PF09182
WP_002485286.1,PF01121
WP_001833064.1,PF05256
WP_001831549.1,PF07859
WP_002456200.1,PF00290
WP_001829904.1,PF06737
WP_002502543.1,PF06028
WP_001830428.1,PF01368
WP_001830428.1,PF02833
WP_001831109.1,PF00437
WP_001829332.1,PF00005
WP_001830482.1,PF02780
WP_001830482.1,PF02779
WP_002456552.1,PF15542
WP_001551932.1,PF00239
WP_001551932.1,PF07508
WP_001551932.1,PF13408
WP_002489911.1,PF00800
WP_002438147.1,PF00171
WP_001829495.1,PF01926
WP_001832526.1,PF00924
WP_002437691.1,PF13500
WP_002485759.1,PF00702
WP_002485759.1,PF00122
WP_002485759.1,PF00403
WP_002485759.1,PF00403
WP_001831987.1,PF03009
WP_002494345.1,PF07690
WP_001832305.1,PF04464
WP_002447402.1,PF00916
WP_002447402.1,PF00916
WP_001832071.1,PF00005
WP_001829791.1,PF00189
WP_001829791.1,PF07650
WP_001830175.1,PF01541
WP_001830175.1,PF08459
WP_001830175.1,PF02151
WP_001830137.1,PF16745
WP_001830137.1,PF03193
WP_054828579.1,PF01676
WP_001830339.1,PF07683
WP_001830339.1,PF02492
WP_001832077.1,PF01182
WP_002456832.1,PF10070
WP_001830823.1,PF01149
WP_001830823.1,PF06831
WP_001830823.1,PF06827
WP_044555417.1,PF00205
WP_044555417.1,PF02776
WP_044555417.1,PF02775
WP_002438286.1,PF00497
WP_057504655.1,PF03596
WP_054828594.1,PF08810
WP_001830883.1,PF06135
WP_001831049.1,PF02562
WP_002456533.1,PF00204
WP_002456533.1,PF02518
WP_002456533.1,PF00986
WP_002456533.1,PF01751
WP_001831257.1,PF01219
WP_001830398.1,PF10035
WP_001830398.1,PF18955
WP_001831646.1,PF07288
WP_002456632.1,PF01613
WP_002469568.1,PF01040
WP_002467727.1,PF08245
WP_002438990.1,PF03180
WP_001831280.1,PF00528
WP_001831271.1,PF07963
WP_001830163.1,PF05103
WP_002438113.1,PF00085
WP_002456185.1,PF02863
WP_002456185.1,PF01316
WP_001831058.1,PF00202
WP_001831652.1,PF02254
WP_001831652.1,PF02080
WP_001831164.1,PF01475
WP_001833075.1,PF01654
WP_001829895.1,PF06418
WP_001829895.1,PF00117
WP_002438309.1,PF01077
WP_002438309.1,PF18267
WP_002438309.1,PF07992
WP_002438309.1,PF03460
WP_002438309.1,PF04324
WP_002438309.1,PF04324
WP_001830357.1,PF04073
WP_002438140.1,PF00583
WP_002494334.1,PF04241
WP_049387541.1,PF02378
WP_049387541.1,PF02302
WP_001830471.1,PF07992
WP_001830471.1,PF02852
WP_002439062.1,PF00202
WP_001830532.1,PF00005
WP_001831993.1,PF00342
WP_054828577.1,PF12705
WP_054828577.1,PF13361
WP_054828577.1,PF00580
WP_001830070.1,PF13394
WP_001830070.1,PF04055
WP_021298770.1,PF02447
WP_001829778.1,PF00673
WP_001829778.1,PF00281
WP_138936981.1,PF13520
WP_001830656.1,PF13193
WP_001830656.1,PF00501
WP_002456954.1,PF10502
WP_001829912.1,PF01545
WP_001831221.1,PF01649
WP_001832267.1,PF01406
WP_001832267.1,PF09190
WP_001829805.1,PF06133
WP_057504658.1,PF02535
WP_010959275.1,PF07690
WP_001830868.1,PF06103
WP_001830464.1,PF04055
WP_001830464.1,PF06968
WP_002457082.1,PF12708
WP_001829727.1,PF00297
WP_001830359.1,PF02626
WP_002456211.1,PF00324
WP_001631032.1,PF07799
WP_002485785.1,PF04650
WP_002485785.1,PF00746
WP_001832093.1,PF07690
WP_001830593.1,PF05199
WP_001830593.1,PF00732
WP_002438293.1,PF02388
WP_001830630.1,PF03618
WP_001830767.1,PF01632
WP_011274426.1,PF12698
WP_001830760.1,PF17768
WP_001830760.1,PF10141
WP_001830760.1,PF02272
WP_001830760.1,PF01368
WP_001832217.1,PF01042
WP_001832208.1,PF01541
WP_001832056.1,PF06570
WP_002437688.1,PF05480
WP_001831999.1,PF04039
WP_049387545.1,PF13561
WP_002438750.1,PF19276
WP_002438750.1,PF01966
WP_002458379.1,PF08543
WP_001830082.1,PF02912
WP_001830082.1,PF01409
WP_002457091.1,PF06081
WP_001829889.1,PF01380
WP_001829889.1,PF01380
WP_001829889.1,PF13522
WP_001831968.1,PF01751
WP_002489714.1,PF00474
WP_001831113.1,PF00480
WP_002457534.1,PF01865
WP_002456822.1,PF00534
WP_002456565.1,PF00575
WP_002456565.1,PF08529
WP_002456565.1,PF13184
WP_001831441.1,PF00491
WP_001829703.1,PF00416
WP_001830758.1,PF02568
WP_001830758.1,PF02926
WP_000272781.1,PF00027
WP_001829777.1,PF02502
WP_001831647.1,PF12146
WP_002457053.1,PF00694
WP_001830734.1,PF06338
WP_002456429.1,PF00501
WP_002456429.1,PF13193
WP_001830671.1,PF02548
WP_001831482.1,PF11337
WP_001831117.1,PF01025
WP_001829902.1,PF08673
WP_001829902.1,PF07228
WP_002489896.1,PF03992
WP_001832059.1,PF00535
WP_002437279.1,PF04893
WP_002456528.1,PF00696
WP_002456528.1,PF13840
WP_001829498.1,PF00227
WP_001830488.1,PF07690
WP_001829935.1,PF14183
WP_002456718.1,PF02518
WP_002447173.1,PF13520
WP_001830132.1,PF03009
WP_001831241.1,PF06855
WP_001830019.1,PF01206
WP_001832789.1,PF07687
WP_001832789.1,PF01546
WP_002495598.1,PF00383
WP_002495598.1,PF01872
WP_001829351.1,PF03054
WP_001829351.1,PF00958
WP_001829351.1,PF00117
WP_001832314.1,PF00687
WP_002438724.1,PF13419
WP_244307884.1,PF18153
WP_002437911.1,PF08279
WP_002437911.1,PF00359
WP_002437911.1,PF00874
WP_001829928.1,PF02457
WP_001829928.1,PF19293
WP_049387501.1,PF01545
WP_001832229.1,PF01195
WP_002438330.1,PF01047
WP_001829686.1,PF00953
WP_001830817.1,PF01479
WP_001830817.1,PF00849
WP_002438166.1,PF06874
WP_001551924.1,PF07799
WP_002438141.1,PF04203
WP_083553768.1,PF00239
WP_083553768.1,PF07508
WP_083553768.1,PF13408
WP_002437239.1,PF13346
WP_002503212.1,PF00171
WP_001551920.1,PF00534
WP_002469574.1,PF01593
WP_002438321.1,PF02665
WP_001830787.1,PF05496
WP_001830787.1,PF17864
WP_001830787.1,PF05491
WP_001831131.1,PF00482
WP_001831131.1,PF00482
WP_002440040.1,PF01202
WP_001830316.1,PF01063
WP_002438959.1,PF05908
WP_002485259.1,PF13460
WP_001829927.1,PF04260
WP_002438299.1,PF01226
WP_001832289.1,PF03144
WP_001832289.1,PF03143
WP_001832289.1,PF00009
WP_002456454.1,PF05343
WP_001829514.1,PF01351
WP_001830562.1,PF07690
WP_001830562.1,PF07690
WP_001830977.1,PF00350
WP_001830977.1,PF00350
WP_002456208.1,PF13558
WP_002456208.1,PF13476
WP_002456656.1,PF00528
WP_002438184.1,PF04607
WP_002438509.1,PF01967
WP_000240855.1,PF00468
WP_002456747.1,PF07901
WP_001830021.1,PF05931
WP_002439708.1,PF06279
WP_002457109.1,PF03703
WP_002458084.1,PF00892
WP_002458084.1,PF00892
WP_001829832.1,PF00248
WP_002447401.1,PF00239
WP_002447401.1,PF02796
WP_001831213.1,PF17763
WP_001831213.1,PF00710
WP_001830635.1,PF03881
WP_002456635.1,PF00370
WP_002456635.1,PF02782
WP_002439334.1,PF07883
WP_002439334.1,PF01381
WP_001831107.1,PF08669
WP_001831107.1,PF01571
WP_002437717.1,PF13738
WP_000425271.1,PF13411
WP_002485782.1,PF12850
WP_002493287.1,PF03315
WP_001830324.1,PF00875
WP_001830324.1,PF03441
WP_002437720.1,PF01297
WP_001831974.1,PF01487
WP_172458391.1,PF16326
WP_172458391.1,PF12848
WP_172458391.1,PF00005
WP_172458391.1,PF00005
WP_002484649.1,PF03744
WP_001832918.1,PF07690
WP_001832499.1,PF00764
WP_001831717.1,PF00528
WP_001829787.1,PF01000
WP_001829787.1,PF01193
WP_001829787.1,PF03118
WP_002456103.1,PF01152
WP_002437663.1,PF13561
WP_001830170.1,PF12327
WP_001830170.1,PF00091
WP_001831691.1,PF01047
WP_001830321.1,PF07690
WP_002456995.1,PF00107
WP_002456995.1,PF08240
WP_001831150.1,PF00512
WP_001831150.1,PF00672
WP_001831150.1,PF18698
WP_001831150.1,PF02518
WP_001831120.1,PF00348
WP_057504628.1,PF19258
WP_057504628.1,PF18483
WP_001831333.1,PF00436
WP_001830555.1,PF00528
WP_001830762.1,PF07261
WP_002458165.1,PF03649
WP_000010351.1,PF02683
WP_032604336.1,PF06106
WP_002440552.1,PF01546
WP_002440552.1,PF07687
WP_002457112.1,PF00270
WP_002457112.1,PF00271
WP_001830421.1,PF06569
WP_001831236.1,PF08439
WP_001831236.1,PF01432
WP_002440177.1,PF03129
WP_002440177.1,PF02824
WP_002440177.1,PF00587
WP_002440177.1,PF07973
WP_002455928.1,PF02403
WP_002455928.1,PF00587
WP_002489842.1,PF17871
WP_002489842.1,PF02861
WP_002489842.1,PF02861
WP_002489842.1,PF10431
WP_002489842.1,PF07724
WP_002489842.1,PF00004
WP_002456457.1,PF13180
WP_002456457.1,PF13365
WP_057504627.1,PF00873
WP_057504627.1,PF00873
WP_001830177.1,PF01127
WP_001830741.1,PF01018
WP_001830741.1,PF01926
WP_001830741.1,PF09269
WP_001831234.1,PF01910
WP_001831157.1,PF00117
WP_001830030.1,PF01680
WP_001831654.1,PF02779
WP_001831654.1,PF02780
WP_002467589.1,PF02769
WP_002467589.1,PF00586
WP_002467589.1,PF00586
WP_002467589.1,PF18072
WP_002485723.1,PF00122
WP_002485723.1,PF00702
WP_002437268.1,PF02687
WP_001831036.1,PF00676
WP_001831816.1,PF00486
WP_001831816.1,PF00072
WP_002439440.1,PF02787
WP_002439440.1,PF02786
WP_002439440.1,PF02786
WP_002439440.1,PF02142
WP_002456133.1,PF02378
WP_002456133.1,PF00359
WP_002456133.1,PF02302
WP_002468002.1,PF00005
WP_001831247.1,PF02645
WP_001830634.1,PF06855
WP_002438966.1,PF06855
WP_083553775.1,PF00239
WP_083553775.1,PF07508
WP_083553775.1,PF04606
WP_002455962.1,PF00072
WP_002455962.1,PF12833
WP_001830470.1,PF00756
WP_001832265.1,PF02151
WP_002494957.1,PF01252
WP_002486205.1,PF02384
WP_001832423.1,PF02632
WP_001831067.1,PF03816
WP_002456717.1,PF00005
WP_057504652.1,PF00403
WP_057504652.1,PF07992
WP_057504652.1,PF02852
WP_001830127.1,PF02875
WP_001830127.1,PF08245
WP_001829952.1,PF01740
WP_001829757.1,PF00860
WP_001832304.1,PF01063
WP_001830956.1,PF01985
WP_001830605.1,PF03466
WP_001830605.1,PF00126
WP_001832123.1,PF10035
WP_001832123.1,PF02588
WP_002438918.1,PF04198
WP_001829779.1,PF01032
WP_001831317.1,PF13460
WP_001829796.1,PF00828
WP_001831740.1,PF05524
WP_001831740.1,PF02896
WP_001831740.1,PF00391
WP_001831526.1,PF00005
WP_002485431.1,PF14278
WP_001831091.1,PF18317
WP_001831091.1,PF08501
WP_001831091.1,PF01488
WP_002489729.1,PF12698
WP_002489729.1,PF12698
WP_002456996.1,PF06276
WP_002456996.1,PF04183
WP_001832886.1,PF02698
WP_001829369.1,PF00291
WP_001830437.1,PF01451
WP_001832309.1,PF08240
WP_001832309.1,PF00107
WP_086886647.1,PF09382
WP_086886647.1,PF00570
WP_086886647.1,PF00270
WP_086886647.1,PF00271
WP_086886647.1,PF16124
WP_001832382.1,PF02814
WP_001832382.1,PF05194
WP_001830349.1,PF00117
WP_001829582.1,PF00317
WP_001829582.1,PF02867
WP_001829582.1,PF08343
WP_001831769.1,PF12704
WP_001831769.1,PF02687
WP_001832241.1,PF04977
WP_002457126.1,PF01451
WP_002486053.1,PF00731
WP_001829492.1,PF00120
WP_001829492.1,PF03951
WP_001830963.1,PF01965
WP_001831967.1,PF05532
WP_001833080.1,PF13481
WP_001833080.1,PF18073
WP_001833080.1,PF13541
WP_000410573.1,PF19776
WP_001829843.1,PF00149
WP_001830900.1,PF00324
WP_002438249.1,PF04172
WP_002469371.1,PF00795
WP_001831152.1,PF13456
WP_001831026.1,PF10782
WP_002468463.1,PF00742
WP_002468463.1,PF03447
WP_001829314.1,PF03741
WP_001830165.1,PF13183
WP_001830165.1,PF13085
WP_001831083.1,PF02687
WP_001831083.1,PF12704
WP_001831873.1,PF05480
WP_001832767.1,PF00697
WP_001830988.1,PF12822
WP_001831915.1,PF13726
WP_001831915.1,PF03553
WP_001830806.1,PF02082
WP_001830797.1,PF04327
WP_001829891.1,PF02452
WP_001830928.1,PF03746
WP_001831728.1,PF02700
WP_001830373.1,PF13349
WP_002437189.1,PF00300
WP_001830575.1,PF09818
WP_001830575.1,PF20446
WP_002469355.1,PF00572
WP_001829711.1,PF00327
WP_001832739.1,PF17674
WP_001832739.1,PF12836
WP_001832739.1,PF00575
WP_001832739.1,PF09371
WP_001832739.1,PF16921
WP_002457122.1,PF00430
WP_001830371.1,PF03061
WP_057504659.1,PF01022
WP_002486191.1,PF01053
WP_001831103.1,PF01475
WP_002440179.1,PF02800
WP_002440179.1,PF00044
WP_001830181.1,PF06983
WP_001830015.1,PF00814
WP_002438383.1,PF00440
WP_002438383.1,PF14278
WP_002457867.1,PF01809
WP_001830164.1,PF04263
WP_001830164.1,PF04265
WP_001831301.1,PF02786
WP_001831301.1,PF02785
WP_001831301.1,PF00289
WP_001831555.1,PF00486
WP_001831555.1,PF00072
WP_002437296.1,PF12631
WP_002437296.1,PF10396
WP_002437296.1,PF01926
WP_054828573.1,PF13437
WP_054828573.1,PF13533
WP_002455929.1,PF03372
WP_001831133.1,PF00358
WP_001830602.1,PF00171
WP_001830989.1,PF12127
WP_001829999.1,PF04397
WP_001829999.1,PF00072
WP_002493957.1,PF02390
WP_011082818.1,PF01174
WP_001829764.1,PF01168
WP_002437714.1,PF02492
WP_002437714.1,PF07683
WP_001832107.1,PF12833
WP_001831173.1,PF00293
WP_002438754.1,PF01969
WP_001832731.1,PF00232
WP_001830862.1,PF08264
WP_001830862.1,PF10458
WP_001830862.1,PF00133
WP_001829626.1,PF01933
WP_001831535.1,PF14542
WP_002456317.1,PF07690
WP_001829653.1,PF00155
WP_001829945.1,PF10740
WP_001830176.1,PF00849
WP_001830176.1,PF01479
WP_002455935.1,PF00072
WP_002455935.1,PF00486
WP_001831992.1,PF00005
WP_001831992.1,PF09383
WP_001831629.1,PF00528
WP_000122374.1,PF01076
WP_001830843.1,PF08239
WP_001830843.1,PF01520
WP_002438502.1,PF13531
WP_002456458.1,PF00367
WP_002456458.1,PF02378
WP_002489229.1,PF13273
WP_001829828.1,PF01230
WP_001829426.1,PF00797
WP_002489706.1,PF13520
WP_002438333.1,PF00881
WP_001831895.1,PF06265
WP_001831672.1,PF00551
WP_002438915.1,PF10298
WP_002438915.1,PF14527
WP_002438915.1,PF02650
WP_001832318.1,PF13419
WP_002437672.1,PF06580
WP_002437672.1,PF02518
WP_002438805.1,PF00361
WP_002438805.1,PF20501
WP_002438805.1,PF13244
WP_002438805.1,PF00662
WP_002438877.1,PF00455
WP_002438877.1,PF08220
WP_002438954.1,PF07274
WP_001832558.1,PF05908
WP_074356981.1,PF02371
WP_074356981.1,PF01548
WP_001830392.1,PF00210
WP_001832167.1,PF00215
WP_001831965.1,PF03960
WP_002505142.1,PF04507
WP_001830365.1,PF11667
WP_002474432.1,PF13673
WP_001831516.1,PF08349
WP_001829298.1,PF06925
WP_001829298.1,PF04101
WP_002439285.1,PF00425
WP_002456553.1,PF04233
WP_001830529.1,PF00083
WP_057504645.1,PF03389
WP_002439519.1,PF17384
WP_002439519.1,PF02576
WP_001830018.1,PF00291
WP_001830018.1,PF00585
WP_002438297.1,PF08327
WP_002468721.1,PF02082
WP_002456741.1,PF02776
WP_002456741.1,PF00205
WP_002456741.1,PF02775
WP_001829942.1,PF00231
WP_001830809.1,PF01047
WP_001832050.1,PF00005
WP_002438979.1,PF01597
WP_001829747.1,PF00861
WP_002468313.1,PF00464
WP_001831762.1,PF01256
WP_001831362.1,PF04199
WP_001832102.1,PF02639
WP_001831161.1,PF08858
WP_001831161.1,PF08864
WP_002489766.1,PF02441
WP_002489766.1,PF04127
WP_079993579.1,PF13529
WP_001631034.1,PF06106
WP_001830368.1,PF17956
WP_001830368.1,PF04095
WP_001830368.1,PF17767
WP_000036756.1,PF00696
WP_002456036.1,PF00999
WP_002438521.1,PF06463
WP_002438521.1,PF04055
WP_002438521.1,PF13394
WP_001830881.1,PF03449
WP_001830881.1,PF01272
WP_002455871.1,PF02367
WP_000832687.1,PF00665
WP_000832687.1,PF13276
WP_000832687.1,PF13333
WP_000832687.1,PF13518
WP_001831141.1,PF00701
WP_001831593.1,PF00005
WP_001829677.1,PF17876
WP_001829677.1,PF08206
WP_001829677.1,PF00773
WP_001829677.1,PF00575
WP_002470121.1,PF02096
WP_054828587.1,PF11148
WP_002447628.1,PF00753
WP_002455948.1,PF01925
WP_001830184.1,PF00550
WP_001831235.1,PF00334
WP_001832121.1,PF01899
WP_001832209.1,PF00809
WP_002438833.1,PF02518
WP_001831125.1,PF06144
WP_001830818.1,PF02272
WP_001830818.1,PF01368
WP_049387488.1,PF13181
WP_049387488.1,PF14559
WP_001832101.1,PF01814
WP_001832101.1,PF04405
WP_001831650.1,PF02852
WP_001831650.1,PF07992
WP_002437267.1,PF00005
WP_057504650.1,PF06508
WP_001830827.1,PF01596
WP_002469351.1,PF07690
WP_001830147.1,PF02674
WP_001831303.1,PF00581
WP_002456953.1,PF10502
WP_001832522.1,PF00825
WP_001830519.1,PF02733
WP_000793596.1,PF00185
WP_000793596.1,PF02729
WP_002437638.1,PF04507
WP_001832016.1,PF00149
WP_001832016.1,PF02872
WP_001830560.1,PF08877
WP_002456490.1,PF00905
WP_002456490.1,PF03717
WP_001830434.1,PF00005
WP_001830968.1,PF01895
WP_001830968.1,PF01895
WP_001831750.1,PF09648
WP_001832133.1,PF12821
WP_002438303.1,PF00496
WP_001830511.1,PF13353
WP_001830511.1,PF04055
WP_001830167.1,PF00156
WP_001831312.1,PF07301
WP_002456004.1,PF01497
WP_001829424.1,PF01634
WP_002438338.1,PF16230
WP_002473931.1,PF09922
WP_002486049.1,PF00528
WP_002437584.1,PF13394
WP_002437584.1,PF04055
WP_002469583.1,PF02110
WP_002487711.1,PF00330
WP_002487711.1,PF00694
WP_002456496.1,PF00348
WP_001831209.1,PF00528
WP_001830775.1,PF05222
WP_001830775.1,PF01262
WP_001830889.1,PF00285
WP_001831906.1,PF02872
WP_001831906.1,PF00149
WP_001831215.1,PF03672
WP_001831936.1,PF00085
WP_002438172.1,PF02581
WP_001831296.1,PF02682
WP_001829431.1,PF00977
WP_001830174.1,PF00860
WP_001832298.1,PF00298
WP_001832298.1,PF03946
WP_002485010.1,PF13419
WP_001831666.1,PF13673
WP_001830076.1,PF05480
WP_002500278.1,PF00005
WP_002500278.1,PF17755
WP_002500278.1,PF17760
WP_001829466.1,PF01746
WP_002439748.1,PF01641
WP_001832531.1,PF13520
WP_001830636.1,PF01757
WP_002456044.1,PF05343
WP_001831057.1,PF00575
WP_001831057.1,PF00575
WP_001831057.1,PF00575
WP_001831057.1,PF00575
WP_002456633.1,PF13561
WP_001830664.1,PF03605
WP_002456088.1,PF03453
WP_002456088.1,PF00994
WP_002456088.1,PF03454
WP_001831167.1,PF02781
WP_001831167.1,PF00479
WP_001832143.1,PF00042
WP_001832143.1,PF00970
WP_001832143.1,PF00175
WP_001829925.1,PF07949
WP_001829925.1,PF07949
WP_001829925.1,PF07949
WP_001831310.1,PF00248
WP_001832233.1,PF13793
WP_001832233.1,PF14572
WP_001832196.1,PF01751
WP_001832196.1,PF13331
WP_002458670.1,PF01026
WP_001830765.1,PF10431
WP_001830765.1,PF06689
WP_001830765.1,PF07724
WP_049387477.1,PF00731
WP_001830380.1,PF14044
WP_002468299.1,PF00583
WP_001831562.1,PF01263
WP_001830585.1,PF03610
WP_002437244.1,PF13302
WP_001831818.1,PF13932
WP_001831818.1,PF01134
WP_001830855.1,PF06949
WP_002469373.1,PF01855
WP_002469373.1,PF17147
WP_002469373.1,PF01558
WP_000344142.1,PF13520
WP_002457075.1,PF03417
WP_002437258.1,PF10502
WP_001831071.1,PF00092
WP_001832120.1,PF01709
WP_002487683.1,PF03061
WP_001832301.1,PF03358
WP_001830413.1,PF14815
WP_001830413.1,PF00730
WP_001831012.1,PF03772
WP_001831012.1,PF00753
WP_002446283.1,PF00549
WP_002446283.1,PF02629
WP_001832211.1,PF02223
WP_001830526.1,PF13686
WP_001830526.1,PF01206
WP_001830526.1,PF00581
WP_002438725.1,PF00501
WP_002438725.1,PF00501
WP_001830955.1,PF08503
WP_001830955.1,PF14602
WP_002455953.1,PF00924
WP_001831030.1,PF20111
WP_001829591.1,PF06415
WP_001829591.1,PF01676
WP_001829254.1,PF13561
WP_001830897.1,PF00072
WP_001830897.1,PF00486
WP_001830743.1,PF01925
WP_001831206.1,PF12849
WP_001831345.1,PF01250
WP_002467848.1,PF00677
WP_002467848.1,PF00677
WP_002494543.1,PF02374
WP_002494543.1,PF02374
WP_001829588.1,PF01668
WP_002469323.1,PF01380
WP_002469323.1,PF01418
WP_002457086.1,PF02686
WP_232602350.1,PF02517
WP_002456709.1,PF07992
WP_002456709.1,PF02852
WP_001832467.1,PF02073
WP_278269444.1,PF01548
WP_278269444.1,PF02371
WP_002437642.1,PF05116
WP_001829750.1,PF05977
WP_001829725.1,PF00411
WP_001832991.1,PF04464
WP_001829793.1,PF04307
WP_002458513.1,PF02590
WP_001830004.1,PF00005
WP_001830004.1,PF16326
WP_001830004.1,PF00005
WP_001830004.1,PF12848
WP_001831189.1,PF00393
WP_001831189.1,PF03446
WP_001829438.1,PF11208
WP_002409346.1,PF13610
WP_001831972.1,PF01899
WP_002468298.1,PF05066
WP_002457221.1,PF02566
WP_001830863.1,PF07549
WP_001830863.1,PF07549
WP_001830863.1,PF02355
WP_001830863.1,PF02355
WP_002456035.1,PF00171
WP_001832554.1,PF03726
WP_001832554.1,PF03725
WP_001832554.1,PF03725
WP_001832554.1,PF01138
WP_001832554.1,PF01138
WP_001832554.1,PF00575
WP_001832554.1,PF00013
WP_002457081.1,PF00857
WP_002456556.1,PF00255
WP_083553769.1,PF04313
WP_083553769.1,PF18766
WP_083553769.1,PF11867
WP_001831225.1,PF01547
WP_002456422.1,PF00589
WP_001830983.1,PF02565
WP_001830983.1,PF11967
WP_001829994.1,PF00583
WP_000277654.1,PF02486
WP_001832636.1,PF03553
WP_001830424.1,PF04307
WP_001830040.1,PF09685
WP_001048816.1,PF00137
WP_001829995.1,PF04143
WP_001831435.1,PF00535
WP_001831435.1,PF04464
WP_001830417.1,PF02631
WP_002455927.1,PF00308
WP_002455927.1,PF08299
WP_002455927.1,PF11638
WP_001831657.1,PF06100
WP_002486054.1,PF00763
WP_002486054.1,PF02882
WP_002438753.1,PF08741
WP_002495284.1,PF05175
WP_002439460.1,PF13672
WP_001829294.1,PF03960
WP_002456060.1,PF00375
WP_049387576.1,PF13561
WP_001830043.1,PF03816
WP_002438516.1,PF02391
WP_002489769.1,PF03793
WP_002489769.1,PF03793
WP_002489769.1,PF00905
WP_002489769.1,PF03717
WP_001830429.1,PF00202
WP_001829768.1,PF00410
WP_002469536.1,PF00392
WP_001830465.1,PF01451
WP_000282655.1,PF00303
WP_001829433.1,PF08450
WP_001832193.1,PF06257
WP_001829644.1,PF06738
WP_001831361.1,PF06107
WP_001829838.1,PF00005
WP_001831559.1,PF06580
WP_001831559.1,PF02518
WP_001831559.1,PF07694
WP_001832342.1,PF00205
WP_001832342.1,PF02776
WP_001832342.1,PF02775
WP_002469069.1,PF05025
WP_001832221.1,PF03711
WP_001832221.1,PF01276
WP_002456350.1,PF13514
WP_001829807.1,PF01381
WP_001830046.1,PF00893
WP_002470142.1,PF02687
WP_001831035.1,PF01361
WP_002489413.1,PF02491
WP_002489413.1,PF14450
WP_001829405.1,PF02492
WP_001829405.1,PF07683
WP_002470683.1,PF01878
WP_002494717.1,PF01546
WP_002494717.1,PF07687
WP_001830009.1,PF13291
WP_001829411.1,PF11181
WP_001830577.1,PF00106
WP_002439536.1,PF00392
WP_002439536.1,PF07702
WP_002467597.1,PF17259
WP_002486289.1,PF13248
WP_001832332.1,PF04023
WP_001831540.1,PF07690
WP_001830933.1,PF02780
WP_001830933.1,PF02779
WP_100214577.1,PF00472
WP_100214577.1,PF03462
WP_001831050.1,PF08279
WP_001831050.1,PF02237
WP_001831050.1,PF03099
WP_001831045.1,PF04298
WP_001831933.1,PF01557
WP_002387625.1,PF04394
WP_002486064.1,PF00384
WP_002486064.1,PF14710
WP_002486064.1,PF01568
WP_001829605.1,PF02535
WP_001829605.1,PF02535
WP_002437223.1,PF08267
WP_002437223.1,PF01717
WP_001830352.1,PF00486
WP_001830352.1,PF00072
WP_002437743.1,PF10100
WP_001833068.1,PF02776
WP_001833068.1,PF02775
WP_001833068.1,PF16582
WP_001830439.1,PF00072
WP_001830439.1,PF00196
WP_001832455.1,PF00310
WP_001832455.1,PF01493
WP_001832455.1,PF04898
WP_001832455.1,PF01645
WP_001832893.1,PF02096
WP_001831220.1,PF13649
WP_001831118.1,PF01625
WP_001831081.1,PF07650
WP_001831081.1,PF01926
WP_001833082.1,PF00636
WP_001829773.1,PF10609
WP_001830633.1,PF13248
WP_002485262.1,PF00591
WP_002485262.1,PF02885
WP_002485262.1,PF07831
WP_001832638.1,PF01832
WP_002455961.1,PF07690
WP_001829516.1,PF08282
WP_001829717.1,PF10031
WP_002440903.1,PF05257
WP_001830041.1,PF00893
WP_001829756.1,PF16884
WP_001829756.1,PF00107
WP_002437281.1,PF01381
WP_011274427.1,PF09823
WP_011274427.1,PF04411
WP_080035452.1,PF07687
WP_080035452.1,PF01546
WP_001830766.1,PF02580
WP_001096393.1,PF05569
WP_001096393.1,PF00905
WP_002489838.1,PF01769
WP_002489838.1,PF03448
WP_002489838.1,PF00571
WP_002489838.1,PF00571
WP_001830072.1,PF01467
WP_001831586.1,PF06026
WP_001831665.1,PF01832
WP_001831665.1,PF01510
WP_001831665.1,PF13457
WP_001831665.1,PF13457
WP_001831665.1,PF13457
WP_001831665.1,PF13457
WP_001831665.1,PF13457
WP_001831665.1,PF13457
WP_001829323.1,PF02875
WP_001829323.1,PF08245
WP_001829323.1,PF01225
WP_001830106.1,PF00903
WP_001830462.1,PF00496
WP_001831191.1,PF14493
WP_001830582.1,PF00528
WP_001830582.1,PF19300
WP_001832602.1,PF14079
WP_001830384.1,PF04167
WP_002456548.1,PF07553
WP_002456548.1,PF07553
WP_001829326.1,PF08352
WP_001829326.1,PF00005
WP_001833065.1,PF01757
WP_001832096.1,PF13398
WP_001830816.1,PF02566
WP_002457670.1,PF06491
WP_002505812.1,PF12146
WP_002440043.1,PF15980
WP_002438178.1,PF03992
WP_001831256.1,PF06325
WP_001832199.1,PF00004
WP_001832199.1,PF06480
WP_001832199.1,PF17862
WP_001832199.1,PF01434
WP_002505076.1,PF02581
WP_001833079.1,PF00164
WP_001830846.1,PF01636
WP_001831016.1,PF00753
WP_001829729.1,PF17080
WP_001829755.1,PF00276
WP_001830330.1,PF13353
WP_001830330.1,PF04055
WP_001829661.1,PF02645
WP_001831275.1,PF09924
WP_001831275.1,PF03706
WP_001831042.1,PF01926
WP_001831042.1,PF01926
WP_001831042.1,PF14714
WP_001831898.1,PF19295
WP_001831898.1,PF01458
WP_001831001.1,PF01812
WP_001829283.1,PF01757
WP_002489765.1,PF00698
WP_001830939.1,PF07992
WP_001830939.1,PF02852
WP_001832046.1,PF00486
WP_001832046.1,PF00072
WP_001830007.1,PF00682
WP_001830007.1,PF08502
WP_001831727.1,PF13507
WP_001832657.1,PF00756
WP_001832263.1,PF00296
WP_001829595.1,PF00113
WP_001829595.1,PF03952
WP_001830890.1,PF00571
WP_001830890.1,PF00571
WP_001830890.1,PF07085
WP_001830890.1,PF08279
WP_001830884.1,PF07690
WP_001831954.1,PF01592
WP_002489727.1,PF00939
WP_001829959.1,PF01197
WP_002456218.1,PF16360
WP_002456218.1,PF13167
WP_002456218.1,PF01926
WP_002457092.1,PF00557
WP_001830903.1,PF02826
WP_001830903.1,PF00389
WP_001830903.1,PF19304
WP_001830903.1,PF01842
WP_001830161.1,PF13561
WP_001831737.1,PF00009
WP_001831737.1,PF03144
WP_001831737.1,PF14492
WP_001831737.1,PF00679
WP_002438782.1,PF00561
WP_001830740.1,PF01943
WP_001830740.1,PF14667
WP_002456352.1,PF00639
WP_001832559.1,PF01782
WP_001832559.1,PF05239
WP_002439025.1,PF11256
WP_002437234.1,PF11368
WP_002485250.1,PF02898
WP_002437878.1,PF15432
WP_002456500.1,PF16657
WP_002456500.1,PF00128
WP_002455899.1,PF00881
WP_001830778.1,PF03413
WP_002437172.1,PF13192
WP_002437172.1,PF07992
WP_002437728.1,PF04205
WP_002437728.1,PF00724
WP_002437728.1,PF00890
WP_002437728.1,PF00890
WP_001829589.1,PF07972
WP_001830522.1,PF02729
WP_001830522.1,PF00185
WP_001830891.1,PF00581
WP_002439402.1,PF10079
WP_001829940.1,PF03462
WP_001829940.1,PF00472
WP_001829929.1,PF02664
WP_002456958.1,PF07992
WP_002456958.1,PF02852
WP_077755964.1,PF00217
WP_001830097.1,PF01098
WP_002489776.1,PF00083
WP_032604337.1,PF06124
WP_002493556.1,PF00289
WP_002493556.1,PF02786
WP_002493556.1,PF02785
WP_153647446.1,PF02677
WP_002468921.1,PF00005
WP_002437327.1,PF02518
WP_002437327.1,PF00512
WP_002437327.1,PF00672
WP_002437327.1,PF00989
WP_001832203.1,PF08544
WP_001832203.1,PF00288
WP_002468003.1,PF00565
WP_002439636.1,PF00188
WP_002439636.1,PF14504
WP_001832328.1,PF00155
WP_001831072.1,PF04715
WP_001831072.1,PF00425
WP_001832688.1,PF01619
WP_001830037.1,PF01494
WP_001831238.1,PF00198
WP_001831238.1,PF02817
WP_001831238.1,PF00364
WP_002489770.1,PF00364
WP_002489770.1,PF00289
WP_002489770.1,PF02785
WP_002489770.1,PF02436
WP_002489770.1,PF02786
WP_002489770.1,PF00682
WP_001832115.1,PF13420
WP_001831302.1,PF00253
WP_001831222.1,PF13439
WP_001831222.1,PF00534
WP_001831806.1,PF13275
WP_001829774.1,PF00406
WP_001829774.1,PF05191
WP_002440566.1,PF05175
WP_002440566.1,PF17827
WP_001830729.1,PF02537
WP_002439583.1,PF01715
WP_001831142.1,PF02130
WP_001829303.1,PF01594
WP_001831186.1,PF13742
WP_001831186.1,PF02601
WP_002457133.1,PF02879
WP_002457133.1,PF00408
WP_002457133.1,PF02880
WP_002457133.1,PF02878
WP_001830967.1,PF00383
WP_002456557.1,PF12146
WP_001832275.1,PF01248
WP_001832683.1,PF13328
WP_001832683.1,PF13291
WP_001832683.1,PF02824
WP_001832683.1,PF19296
WP_001832683.1,PF04607
WP_001831293.1,PF00583
WP_002456515.1,PF00005
WP_002456515.1,PF08402
WP_001106065.1,PF13610
WP_002438689.1,PF04983
WP_002438689.1,PF00623
WP_002438689.1,PF04998
WP_002438689.1,PF05000
WP_002438689.1,PF04997
WP_002468207.1,PF02517
WP_001830121.1,PF01783
WP_002489756.1,PF14504
WP_002489756.1,PF00188
WP_001830610.1,PF02569
WP_001831744.1,PF07435
WP_001831977.1,PF00501
WP_001831977.1,PF13193
WP_002437889.1,PF07690
WP_001631030.1,PF13302
WP_002456051.1,PF04138
WP_001832125.1,PF04657
WP_001832125.1,PF04657
WP_001829277.1,PF02872
WP_002468913.1,PF14265
WP_001832213.1,PF01288
WP_001830786.1,PF13483
WP_001831166.1,PF01170
WP_001831166.1,PF02926
WP_000635275.1,PF02796
WP_000635275.1,PF00239
WP_001829714.1,PF00380
WP_001831212.1,PF01471
WP_001831212.1,PF02163
WP_001831212.1,PF17820
WP_001831212.1,PF03572
WP_002468185.1,PF05913
WP_002468185.1,PF19200
WP_001829279.1,PF08439
WP_001829279.1,PF01432
WP_001829837.1,PF11667
WP_002489635.1,PF01293
WP_001830467.1,PF03767
WP_001829701.1,PF03719
WP_001829701.1,PF00333
WP_002468903.1,PF04760
WP_002468903.1,PF04760
WP_002468903.1,PF11987
WP_002468903.1,PF00009
WP_002439147.1,PF14166
WP_001829571.1,PF01497
WP_001829885.1,PF04134
WP_001830014.1,PF00909
WP_002438301.1,PF13508
WP_001830420.1,PF10282
WP_001830902.1,PF00912
WP_002494483.1,PF00582
WP_002437763.1,PF13279
WP_001831939.1,PF04018
WP_078069838.1,PF07728
WP_002457110.1,PF03703
WP_002457110.1,PF03703
WP_002457110.1,PF03703
WP_001830028.1,PF00155
WP_001830028.1,PF00392
WP_001830931.1,PF12836
WP_001831144.1,PF01966
WP_002456559.1,PF13589
WP_002456559.1,PF01119
WP_002456559.1,PF08676
WP_001831899.1,PF03061
WP_002440071.1,PF00140
WP_002440071.1,PF04545
WP_002440071.1,PF04539
WP_002440071.1,PF03979
WP_002440071.1,PF04542
WP_001830444.1,PF00005
WP_002438243.1,PF00135
WP_002438243.1,PF00135
WP_002437694.1,PF00202
WP_001831904.1,PF04914
WP_001832078.1,PF17261
WP_002437882.1,PF00534
WP_001831115.1,PF00218
WP_002439503.1,PF02899
WP_002439503.1,PF00589
WP_001829640.1,PF00528
WP_001829640.1,PF04069
WP_002437839.1,PF00475
WP_001832134.1,PF13419
WP_001830124.1,PF01189
WP_001830124.1,PF01029
WP_001830396.1,PF01884
WP_001830566.1,PF00005
WP_002489285.1,PF01774
WP_001832235.1,PF00590
WP_010959181.1,PF01476
WP_001830894.1,PF06962
WP_001829562.1,PF00465
WP_001829562.1,PF00171
WP_002456517.1,PF02779
WP_002456517.1,PF16870
WP_002456517.1,PF00676
WP_002457099.1,PF02826
WP_002457099.1,PF00389
WP_001829983.1,PF01966
WP_001831949.1,PF00420
WP_001831122.1,PF02028
WP_021298772.1,PF00483
WP_002438748.1,PF00583
WP_001830727.1,PF01832
WP_002456327.1,PF00359
WP_002456327.1,PF02378
WP_002456327.1,PF02302
WP_001831121.1,PF13738
WP_002456947.1,PF00361
WP_001832195.1,PF04026
WP_002468861.1,PF00162
WP_001831244.1,PF08807
WP_001831008.1,PF12706
WP_001830832.1,PF04085
WP_001832269.1,PF07670
WP_001832269.1,PF01773
WP_001832269.1,PF07662
WP_001832339.1,PF00358
WP_001832339.1,PF00367
WP_001832339.1,PF02378
WP_002438360.1,PF00583
WP_002456621.1,PF00487
WP_001829896.1,PF08282
WP_001833032.1,PF00069