GenomeID,ST,Allele_Profile
AP017973.1,ST1,"1,1,1,1,1,1,1,1,1,0,0"
AP024320.1,ST2,"2,2,0,2,2,2,2,2,2,1,1"
CP005958.1,ST3,"0,3,0,3,3,3,3,3,3,2,0"
CP011536.1,ST4,"0,0,2,0,0,0,4,0,0,0,0"
CP017151.1,ST5,"0,4,0,4,4,4,5,4,4,0,0"
CP021964.1,ST6,"0,0,0,5,0,0,0,0,0,0,0"
CP031195.1,ST7,"0,0,0,0,0,0,0,0,0,3,0"
CP033371.1,ST8,"3,0,0,0,5,0,6,0,0,4,0"
CP034193.1,ST9,"4,0,0,0,6,5,7,0,0,5,0"
CP035054.1,ST10,"5,0,0,6,4,6,8,0,0,6,0"
CP035055.1,ST11,"6,0,0,7,7,7,9,0,0,7,0"
CP044354.1,ST12,"7,0,0,5,8,8,4,0,0,8,0"
CP047584.1,ST13,"8,0,0,8,9,6,10,0,0,9,0"
CP047585.1,ST14,"9,0,0,9,10,9,11,0,0,10,0"
CP050919.1,ST15,"10,5,0,10,11,8,12,5,5,0,2"
CP053312.1,ST16,"4,0,0,11,12,10,7,0,0,11,0"
CP053314.1,ST17,"11,0,0,7,13,11,13,0,0,7,0"
CP065522.1,ST18,"12,0,0,12,14,12,12,0,0,12,0"
CP067088.1,ST19,"13,0,0,13,15,13,12,0,0,13,0"
CP070858.1,ST20,"14,0,0,5,16,14,4,0,0,11,0"
CP070999.1,ST20,"14,0,0,5,16,14,4,0,0,11,0"
CP071000.1,ST20,"14,0,0,5,16,14,4,0,0,11,0"
CP071001.1,ST20,"14,0,0,5,16,14,4,0,0,11,0"
CP076446.1,ST21,"15,0,0,12,17,15,14,0,0,14,0"
CP082359.1,ST22,"16,0,0,5,18,16,15,6,0,15,0"
CP089305.1,ST23,"17,0,0,14,17,17,16,7,0,16,0"
CP094655.1,ST24,"18,0,0,14,19,18,17,8,0,17,0"
CP095385.1,ST25,"19,0,0,15,4,19,18,6,0,18,0"
CP100352.1,ST26,"20,0,0,16,9,6,19,9,0,9,0"
CP101688.1,ST27,"5,0,0,17,4,6,20,10,0,19,0"
CP102532.1,ST28,"14,0,0,17,16,14,4,6,0,11,0"
CP102714.1,ST29,"21,0,0,18,20,20,21,11,0,20,0"
CP103293.1,ST30,"2,0,0,17,4,8,22,12,0,15,0"
CP103400.1,ST31,"22,0,0,18,21,21,23,13,0,21,0"
CP110798.1,ST32,"23,0,0,19,22,22,24,14,0,22,0"
CP116617.1,ST33,"24,0,0,13,23,23,25,15,0,23,0"
CP116618.1,ST34,"25,0,0,10,8,24,12,6,0,13,0"
CP116755.1,ST35,"16,6,3,20,18,8,4,16,6,25,3"
CP118092.1,ST36,"26,0,0,21,4,25,26,14,0,26,0"
CP119406.1,ST37,"22,0,0,7,21,21,23,13,0,21,0"
CP119425.1,ST37,"22,0,0,7,21,21,23,13,0,21,0"
CP120668.1,ST38,"27,0,0,22,24,26,27,6,0,27,0"
CP121468.1,ST39,"11,0,0,7,13,11,13,11,0,7,0"
CP124737.1,ST40,"28,0,0,23,25,8,28,17,0,28,0"
CP127401.1,ST37,"22,0,0,7,21,21,23,13,0,21,0"
CP128169.1,ST41,"29,0,0,24,26,27,29,18,0,29,0"
CP131058.1,ST42,"19,0,0,25,4,8,30,17,0,30,0"
CP132481.1,ST43,"15,0,0,26,27,28,31,19,0,31,0"
CP132541.1,ST44,"25,0,0,27,28,29,32,20,0,32,0"
CP139052.1,ST45,"4,0,0,11,29,30,7,21,0,33,0"
CP141807.1,ST45,"4,0,0,11,29,30,7,21,0,33,0"
CP145309.1,ST46,"30,0,0,12,17,18,17,22,0,34,0"
CP157198.1,ST47,"19,0,0,28,4,19,33,23,0,35,0"
CP157592.1,ST48,"4,0,0,11,29,31,7,24,0,36,0"
CP157980.1,ST39,"11,0,0,7,13,11,13,11,0,7,0"
CP158463.1,ST49,"2,0,0,29,30,32,5,25,0,37,0"
CP165726.1,ST37,"22,0,0,7,21,21,23,13,0,21,0"
CP170189.1,ST50,"31,0,0,30,22,33,6,26,0,4,0"
CP171795.1,ST51,"32,0,0,8,9,6,34,27,0,38,0"
CP184765.1,ST52,"33,0,0,31,4,12,35,28,0,39,0"
CP188318.1,ST44,"25,0,0,27,28,29,32,20,0,32,0"
CP193773.1,ST53,"34,0,0,32,31,34,36,29,0,40,0"
CP197007.1,ST54,"22,0,0,33,21,21,37,13,7,21,0"
CP199922.1,ST55,"22,0,0,7,21,21,23,13,7,21,0"
